INSERT INTO mstore.artists(id, first_name, last_name, birth_date) VALUES
(1, 'Jimi', 'Hendrix', '1942-11-27'),
(2, 'Curt', 'Cobain', '1967-02-20'),
(3, 'Ian', 'Gillan', '1945-08-19'),
(4, 'Marcus', 'Miller', '1959-06-14'),
(5, 'James', 'Brown', '1933-05-03');
INSERT INTO mstore.authors(id, first_name, last_name, birth_date, author_type) VALUES
(1, 'Peter', 'Seabourne', '1960-03-12', 'COMPOSER'),
(2, 'Eric', 'Salzman', '1933-08-21', 'COMPOSER'),
(3, 'Shaul', 'Bustan', '1983-02-10', 'COMPOSER'),
(4, 'Eugene', 'Kurtz', '1923-12-27', 'COMPOSER'),
(5, 'Anton', 'Rovner', '1970-06-28', 'COMPOSER'),
(6, 'Janet', 'Aalfs', '1956-08-14', 'POET'),
(7, 'Taalam', 'Acey', '1970-09-16', 'POET'),
(8, 'Wendell', 'Berry', '1934-08-05', 'POET'),
(9, 'Vanna', 'Bonta', '1958-04-03', 'POET'),
(10, 'Michael', 'Broek', '1972-01-22', 'POET');
INSERT INTO mstore.producers(id, first_name, last_name, birth_date) VALUES
(1, 'Matty', 'Amendola', '1965-07-14'),
(2, 'Dan', 'Baird', '1953-12-12'),
(3, 'Paul', 'Allen', '1953-01-21'),
(4, 'Mark', 'Battles', '1991-09-02'),
(5, 'Kush', 'Arora', '1972-05-25');
INSERT INTO mstore.record_labels(id, name, country, foundation_year) VALUES
(1, 'Warner Music Group', 'USA', 1958),
(2, 'EMI Group Limited', 'UK', 1931),
(3, 'Sony Music', 'USA', 1929),
(4, 'Bertelsmann Music Group', 'DEU', 1987),
(5, 'Universal Music Group', 'USA', 1934);
INSERT INTO mstore.albums(id, title, issue_year, price, genre, artist_id, record_label_id) VALUES
(1, 'Nevermind', 1991, 15, 'Grunge', 2, 5),
(2, 'Incesticide', 1992, 12, 'Grunge', 2, 1),
(3, 'In Utero', 1993, 12, 'Grunge', 2, 5),
(4, 'Band of Gypsys', 1970, 15, 'Blues rock', 1, 2),
(5, 'The Cry of Love', 1971, 15, 'Blues rock', 1, 3),
(6, 'Gillans Inn', 2006, 13, 'Hard rock', 3, 4),
(7, 'Free', 2007, 10, 'Jazz fusion', 4, 4),
(8, 'The Payback', 1973, 15, 'Funk', 5, 1);
INSERT INTO mstore.songs(id, album_id, order_number, title) VALUES
(1, 1, 1, 'Smells Like Teen Spirit'),
(2, 1, 2, 'In Bloom'),
(3, 1, 3, 'Come as You Are'),
(4, 1, 4, 'Breed'),
(5, 1, 5, 'Lithium'),
(6, 1, 6, 'Polly'),
(7, 1, 7, 'Territorial Pissings'),
(8, 1, 8, 'Drain You'),
(9, 1, 9, 'Lounge Act'),
(10, 1, 10, 'Stay Away'),
(11, 1, 11, 'On a Plain'),
(12, 1, 12, 'Something in the Way'),
(13, 1, 13, 'Endless, Nameless'),
(14, 2, 1, 'Dive'),
(15, 2, 2, 'Sliver'),
(16, 2, 3, 'Stain'),
(17, 2, 4, 'Been a Son'),
(18, 2, 5, 'Turnaround'),
(19, 2, 6, 'Mollys Lips'),
(20, 2, 7, 'Son of a Gun'),
(21, 2, 8, '(New Wave) Polly'),
(22, 2, 9, 'Beeswax'),
(23, 2, 10, 'Downer'),
(24, 2, 11, 'Mexican Seafood'),
(25, 2, 12, 'Hairspray Queen'),
(26, 2, 13, 'Aero Zeppelin'),
(27, 2, 14, 'Big Long Now'),
(28, 2, 15, 'Aneurysm'),
(29, 3, 1, 'Serve the Servants'),
(30, 3, 2, 'Scentless Apprentice'),
(31, 3, 3, 'Heart-Shaped Box'),
(32, 3, 4, 'Rape Me'),
(33, 3, 5, 'Frances Farmer Will Have Her Revenge on Seattle'),
(34, 3, 6, 'Dumb'),
(35, 3, 7, 'Very Ape'),
(36, 3, 8, 'Milk It'),
(37, 3, 9, 'Pennyroyal Tea'),
(38, 3, 10, 'Radio Friendly Unit Shifter'),
(39, 3, 11, 'Tourettes'),
(40, 3, 12, 'All Apologies'),
(41, 4, 1, 'Power Of Soul'),
(42, 4, 2, 'Lover Man'),
(43, 4, 3, 'Hear My Train A-Coming'),
(44, 4, 4, 'Them Changes'),
(45, 4, 5, 'Izabella'),
(46, 4, 6, 'Machine Gun'),
(47, 4, 7, 'Stop'),
(48, 4, 8, 'Ezy Ryder'),
(49, 4, 9, 'Bleeding Heart'),
(50, 4, 10, 'Earth Blues'),
(51, 4, 11, 'Burning Desire'),
(52, 5, 1, 'Freedom'),
(53, 5, 2, 'Drifting'),
(54, 5, 3, 'Ezy Ryder'),
(55, 5, 4, 'Night Bird Flying'),
(56, 5, 5, 'My Friend'),
(57, 5, 6, 'Straight Ahead'),
(58, 5, 7, 'Astro Man'),
(59, 5, 8, 'Angel'),
(60, 5, 9, 'In From The Storm'),
(61, 5, 10, 'Belly Button Window'),
(62, 6, 1, 'Unchain Your Brain'),
(63, 6, 2, 'Bluesy Blue Sea'),
(64, 6, 3, 'Day Late and a Dollar Short'),
(65, 6, 4, 'Hang Me Out to Dry'),
(66, 6, 5, 'Men of War'),
(67, 6, 6, 'When a Blind Man Cries'),
(68, 6, 7, 'Sugar Plum'),
(69, 6, 8, 'Trashed'),
(70, 6, 9, 'No Worries'),
(71, 6, 10, 'Smoke on the Water'),
(72, 6, 11, 'No Laughing in Heaven'),
(73, 6, 12, 'Speed King'),
(74, 6, 13, 'Loving on Borrowed Time'),
(75, 6, 14, 'Ill Be Your Baby Tonight'),
(76, 7, 1, 'Blast'),
(77, 7, 2, 'Funk Joint'),
(78, 7, 3, 'Free'),
(79, 7, 4, 'Strum'),
(80, 7, 5, 'Milky Way'),
(81, 7, 6, 'Pluck (Interlude)'),
(82, 7, 7, 'When I Fall in Love'),
(83, 7, 8, 'Jean Pierre'),
(84, 7, 9, 'Higher Ground'),
(85, 7, 10, 'What Is Hip?'),
(86, 8, 1, 'The Payback'),
(87, 8, 2, 'Doing the Best I Can'),
(88, 8, 3, 'Take Some...Leave Some'),
(89, 8, 4, 'Shoot Your Shot'),
(90, 8, 5, 'Forever Suffering'),
(91, 8, 6, 'Time Is Running out Fast'),
(92, 8, 7, 'Stone to the Bone'),
(93, 8, 8, 'Mind Power');
INSERT INTO mstore.album_producer(album_id, producer_id) VALUES
(1, 3),
(1, 5),
(2, 3),
(3, 5),
(4, 1),
(4, 2),
(4, 4),
(5, 4),
(6, 2),
(7, 1),
(7, 3),
(8, 1);
INSERT INTO mstore.song_author(song_id, author_id) VALUES
(1, 1),
(1, 6),
(2, 1),
(2, 6),
(3, 1),
(3, 6),
(4, 1),
(4, 6),
(5, 1),
(5, 2),
(5, 6),
(6, 1),
(6, 7),
(7, 1),
(7, 6),
(8, 1),
(8, 6),
(9, 1),
(9, 6),
(10, 1),
(10, 6),
(11, 1),
(11, 6),
(12, 1),
(12, 6),
(13, 1),
(13, 6),
(14, 2),
(14, 7),
(15, 2),
(15, 7),
(16, 2),
(16, 7),
(17, 2),
(17, 7),
(18, 2),
(18, 7),
(19, 2),
(19, 7),
(20, 2),
(20, 8),
(21, 1),
(21, 2),
(21, 7),
(21, 8),
(22, 2),
(22, 9),
(23, 2),
(23, 10),
(24, 2),
(24, 10),
(25, 2),
(25, 7),
(26, 2),
(26, 7),
(27, 2),
(27, 7),
(28, 2),
(28, 7),
(29, 3),
(29, 6),
(30, 3),
(30, 6),
(31, 3),
(31, 6),
(32, 3),
(32, 6),
(33, 3),
(33, 6),
(34, 3),
(34, 6),
(35, 3),
(35, 6),
(36, 3),
(36, 6),
(37, 3),
(37, 6),
(38, 3),
(38, 6),
(39, 3),
(39, 6),
(40, 3),
(40, 6),
(41, 1),
(42, 1),
(43, 3),
(44, 3),
(45, 3),
(46, 3),
(47, 4),
(48, 5),
(49, 5),
(50, 5),
(51, 4),
(52, 1),
(53, 1),
(54, 1),
(55, 1),
(56, 1),
(57, 4),
(58, 4),
(59, 4),
(60, 4),
(61, 4),
(62, 3),
(62, 4),
(63, 4),
(63, 6),
(64, 5),
(64, 7),
(65, 5),
(65, 7),
(66, 5),
(66, 8),
(67, 3),
(67, 8),
(68, 1),
(68, 9),
(69, 5),
(69, 10),
(70, 5),
(70, 10),
(71, 5),
(71, 10),
(72, 5),
(72, 10),
(73, 5),
(73, 10),
(74, 5),
(74, 10),
(75, 5),
(75, 10),
(76, 4),
(77, 4),
(78, 3),
(79, 4),
(80, 4),
(81, 5),
(82, 4),
(83, 3),
(84, 4),
(85, 4),
(86, 2),
(86, 7),
(87, 2),
(87, 7),
(88, 2),
(88, 7),
(89, 2),
(89, 7),
(90, 2),
(90, 7),
(91, 2),
(91, 7),
(92, 2),
(92, 7),
(93, 2),
(93, 7);